Gene,heat-downreg,heat-upreg,osmo-downreg,osmo-upreg,salt-downreg,salt-upreg,numConditions
AT1G03090,1,0,0,1,1,0,3
AT1G08930,2,0,2,0,2,0,3
AT1G19610,1,0,1,0,1,0,3
AT1G22160,0,1,0,1,0,1,3
AT1G24530,2,0,2,0,2,0,3
AT1G25550,1,0,1,0,1,0,3
AT1G32920,2,0,2,0,2,0,3
AT1G54740,1,0,1,0,1,0,3
AT1G65390,1,0,1,0,1,0,3
AT1G66160,1,0,1,0,1,0,3
AT1G70290,1,0,1,0,1,0,3
AT1G76600,2,0,2,0,2,0,3
AT1G76930,2,0,2,0,2,0,3
AT1G80440,1,0,1,0,1,0,3
AT2G05520,1,0,0,1,0,1,3
AT2G20670,5,0,5,0,5,0,3
AT2G25200,1,0,1,0,1,0,3
AT2G38530,1,0,0,1,0,1,3
AT2G38870,2,0,2,0,2,0,3
AT2G40000,3,0,3,0,3,0,3
AT2G40490,1,0,1,0,1,0,3
AT3G01290,1,0,1,0,1,0,3
AT3G05030,0,2,0,2,0,2,3
AT3G13790,3,0,3,0,3,0,3
AT3G14770,3,0,3,0,3,0,3
AT3G16460,1,0,1,0,1,0,3
AT3G21890,0,1,0,1,0,1,3
AT3G23150,2,0,2,0,2,0,3
AT3G26210,1,0,0,1,1,0,3
AT3G46280,1,0,1,0,1,0,3
AT3G46600,2,0,2,0,2,0,3
AT3G49790,1,0,1,0,1,0,3
AT3G50740,1,0,1,0,1,0,3
AT3G52720,0,1,1,0,1,0,3
AT4G01720,2,0,2,0,2,0,3
AT4G03510,2,0,2,0,2,0,3
AT4G12470,3,0,3,0,3,0,3
AT4G24240,1,0,1,0,1,0,3
AT4G24570,1,0,1,0,1,0,3
AT4G24780,0,1,1,0,1,0,3
AT4G36670,3,0,3,0,3,0,3
AT4G38470,1,0,1,0,1,0,3
AT5G10930,0,3,0,3,0,3,3
AT5G13490,3,0,0,3,0,3,3
AT5G13750,2,0,0,2,0,2,3
AT5G14120,3,0,3,0,3,0,3
AT5G20250,2,0,2,0,2,0,3
AT5G21170,2,0,2,0,2,0,3
AT5G23750,0,4,0,4,0,4,3
AT5G37550,0,1,0,1,0,1,3
AT5G41080,1,0,1,0,1,0,3
AT5G52750,1,0,0,1,1,0,3
AT5G61820,1,0,0,1,0,1,3
AT5G64120,1,0,1,0,1,0,3
AT5G65660,1,0,1,0,1,0,3
AT1G02816,0,0,0,1,0,1,2
AT1G04530,0,0,1,0,1,0,2
AT1G05170,0,0,0,2,0,2,2
AT1G07070,0,0,1,0,1,0,2
AT1G07320,0,0,1,0,1,0,2
AT1G07450,0,0,1,0,1,0,2
AT1G07720,0,0,0,2,0,2,2
AT1G08810,0,0,1,0,1,0,2
AT1G08830,0,0,2,0,2,0,2
AT1G09500,0,0,0,1,0,1,2
AT1G09750,0,0,1,0,1,0,2
AT1G10140,3,0,0,3,0,0,2
AT1G10470,0,0,1,0,1,0,2
AT1G10760,0,0,0,1,0,1,2
AT1G11190,0,0,0,1,0,1,2
AT1G11350,0,0,1,0,1,0,2
AT1G11700,0,0,0,1,0,1,2
AT1G14730,0,0,0,1,0,1,2
AT1G15960,0,0,0,1,0,1,2
AT1G17550,0,0,0,1,0,1,2
AT1G19230,0,0,0,1,0,1,2
AT1G19960,0,2,0,2,0,0,2
AT1G21790,0,0,0,1,0,1,2
AT1G22430,0,0,1,0,1,0,2
AT1G22890,1,0,0,0,1,0,2
AT1G23040,0,0,0,1,0,1,2
AT1G23390,0,0,1,0,1,0,2
AT1G25260,0,0,1,0,1,0,2
AT1G25275,1,0,0,0,1,0,2
AT1G26210,0,0,0,1,0,1,2
AT1G27210,0,0,3,0,3,0,2
AT1G27920,0,1,0,0,0,1,2
AT1G28960,0,0,0,1,0,1,2
AT1G29400,2,0,0,2,0,0,2
AT1G32090,0,0,1,0,1,0,2
AT1G32100,0,0,0,2,0,2,2
AT1G32170,1,0,0,0,1,0,2
AT1G32200,0,0,1,0,1,0,2
AT1G32990,0,0,1,0,1,0,2
AT1G33260,0,0,0,1,0,1,2
AT1G33810,0,0,2,0,2,0,2
AT1G33811,0,0,1,0,1,0,2
AT1G47270,0,0,0,1,0,1,2
AT1G49780,2,0,2,0,0,0,2
AT1G50630,0,0,0,3,0,3,2
AT1G52080,0,0,0,3,0,3,2
AT1G52190,0,0,2,0,2,0,2
AT1G52930,0,0,1,0,1,0,2
AT1G53580,0,0,0,2,0,2,2
AT1G53910,1,0,0,1,0,0,2
AT1G53920,0,0,1,0,1,0,2
AT1G54100,0,0,0,1,0,1,2
AT1G54120,0,0,0,1,0,1,2
AT1G55450,1,0,0,0,1,0,2
AT1G58270,0,0,0,1,0,1,2
AT1G58370,0,0,1,0,1,0,2
AT1G59870,1,0,0,0,1,0,2
AT1G59990,0,0,1,0,1,0,2
AT1G60140,1,0,0,1,0,0,2
AT1G61890,0,0,0,1,0,1,2
AT1G62380,0,0,1,0,1,0,2
AT1G62480,0,0,1,0,1,0,2
AT1G63010,0,0,0,1,0,1,2
AT1G64970,0,0,0,1,0,1,2
AT1G67120,0,0,1,0,1,0,2
AT1G67300,0,0,0,1,0,1,2
AT1G67480,0,0,3,0,3,0,2
AT1G67865,0,1,0,1,0,0,2
AT1G67910,0,0,1,0,1,0,2
AT1G68570,0,0,0,2,0,2,2
AT1G68600,0,0,0,2,0,2,2
AT1G68840,2,0,2,0,0,0,2
AT1G69490,3,0,0,3,0,0,2
AT1G69530,0,0,2,0,2,0,2
AT1G69610,0,0,0,1,0,1,2
AT1G69790,0,0,0,1,0,1,2
AT1G69870,0,0,0,1,0,1,2
AT1G70530,4,0,0,0,4,0,2
AT1G73480,0,0,0,1,0,1,2
AT1G76110,0,0,1,0,1,0,2
AT1G76160,1,0,1,0,0,0,2
AT1G76580,0,0,0,3,0,3,2
AT1G76890,0,0,1,0,1,0,2
AT1G77000,0,0,0,2,0,2,2
AT1G77120,0,0,0,1,0,1,2
AT1G77450,0,0,0,2,0,2,2
AT1G78670,0,0,0,1,0,1,2
AT1G79270,0,0,0,1,0,1,2
AT1G80640,0,0,1,0,1,0,2
AT1G80800,0,1,0,1,0,0,2
AT2G01890,0,0,0,3,3,0,2
AT2G02740,0,0,1,0,1,0,2
AT2G03340,0,0,1,0,1,0,2
AT2G03980,0,0,2,0,2,0,2
AT2G12400,0,0,0,1,0,1,2
AT2G14610,2,0,0,2,0,0,2
AT2G15000,0,0,1,0,1,0,2
AT2G15970,0,0,0,1,0,1,2
AT2G16700,0,0,0,1,0,1,2
AT2G17500,0,0,0,1,0,1,2
AT2G18240,0,0,0,1,0,1,2
AT2G18690,4,0,0,4,0,0,2
AT2G21590,0,0,0,1,0,1,2
AT2G21620,0,0,0,1,0,1,2
AT2G22970,0,0,0,1,0,1,2
AT2G23320,3,0,0,0,3,0,2
AT2G25060,0,0,1,0,1,0,2
AT2G25490,1,0,0,1,0,0,2
AT2G25625,0,0,0,1,0,1,2
AT2G25735,1,0,1,0,0,0,2
AT2G25900,0,0,1,0,1,0,2
AT2G26530,1,0,1,0,0,0,2
AT2G26600,0,0,0,1,0,1,2
AT2G28000,0,0,1,0,1,0,2
AT2G28320,0,0,0,1,0,1,2
AT2G28630,1,0,0,0,1,0,2
AT2G28840,0,0,0,2,0,2,2
AT2G29120,0,0,3,0,3,0,2
AT2G29180,0,0,1,0,1,0,2
AT2G30540,0,0,0,1,0,1,2
AT2G30550,0,0,0,1,0,1,2
AT2G30600,2,0,0,0,2,0,2
AT2G30670,0,0,1,0,1,0,2
AT2G30695,0,0,1,0,1,0,2
AT2G31880,1,0,0,1,0,0,2
AT2G32100,0,0,2,0,2,0,2
AT2G32240,0,0,1,0,1,0,2
AT2G32560,0,0,2,0,1,0,2
AT2G34640,0,0,1,0,1,0,2
AT2G34720,0,0,0,3,0,3,2
AT2G34790,0,0,0,1,0,1,2
AT2G34810,0,0,0,1,0,1,2
AT2G37130,1,0,1,0,0,0,2
AT2G37770,0,0,0,1,0,1,2
AT2G38310,0,0,2,0,2,0,2
AT2G39390,0,0,1,0,1,0,2
AT2G39795,0,0,2,0,2,0,2
AT2G40435,0,0,0,1,0,1,2
AT2G40970,0,0,0,1,0,1,2
AT2G41190,0,0,0,1,0,1,2
AT2G41380,1,0,0,1,0,0,2
AT2G41680,0,0,1,0,1,0,2
AT2G41720,0,0,3,0,3,0,2
AT2G41870,0,0,0,3,0,3,2
AT2G41900,0,0,0,1,0,1,2
AT2G43570,0,0,0,2,0,2,2
AT2G43610,2,0,2,0,0,0,2
AT2G45190,0,0,1,0,1,0,2
AT2G46270,0,0,0,4,0,4,2
AT2G46330,0,0,3,0,3,0,2
AT2G47600,0,0,0,5,0,5,2
AT3G03320,0,0,0,1,0,1,2
AT3G04240,0,0,0,1,0,1,2
AT3G05370,0,0,1,0,1,0,2
AT3G05400,0,0,0,1,0,1,2
AT3G05890,0,0,0,1,0,1,2
AT3G06080,0,0,2,0,2,0,2
AT3G06680,0,0,1,0,1,0,2
AT3G07010,0,0,1,0,1,0,2
AT3G08590,0,0,0,1,0,1,2
AT3G10610,0,0,4,0,4,0,2
AT3G10910,0,0,0,1,0,1,2
AT3G11410,0,0,0,1,0,1,2
AT3G12490,0,0,0,1,0,1,2
AT3G12600,0,0,1,0,1,0,2
AT3G12740,1,0,0,1,0,0,2
AT3G14360,0,0,0,1,0,1,2
AT3G14560,0,0,0,1,0,1,2
AT3G14840,0,0,2,0,2,0,2
AT3G15350,0,0,0,1,0,1,2
AT3G17000,0,0,0,1,0,1,2
AT3G19100,0,0,0,1,0,1,2
AT3G19450,0,0,2,0,2,0,2
AT3G19580,4,0,0,4,0,0,2
AT3G20250,0,0,0,1,0,1,2
AT3G20500,0,0,0,2,0,2,2
AT3G22200,0,0,0,1,0,1,2
AT3G22880,0,0,2,0,2,0,2
AT3G23000,0,0,0,1,0,1,2
AT3G24500,0,0,0,1,0,1,2
AT3G25660,0,0,2,0,2,0,2
AT3G26220,3,0,0,0,3,0,2
AT3G27160,0,0,1,0,1,0,2
AT3G28740,1,0,1,0,0,0,2
AT3G30775,1,0,0,0,1,0,2
AT3G44100,0,0,0,1,0,1,2
AT3G44735,0,0,0,1,0,1,2
AT3G44970,1,0,0,0,1,0,2
AT3G45970,1,0,1,0,0,0,2
AT3G47420,0,0,0,1,0,1,2
AT3G48020,0,0,0,1,0,1,2
AT3G48350,0,0,0,1,0,1,2
AT3G49220,0,0,0,1,0,1,2
AT3G49780,2,0,0,0,2,0,2
AT3G50750,0,0,1,0,1,0,2
AT3G50910,0,0,0,1,0,1,2
AT3G51870,0,0,2,0,2,0,2
AT3G52060,1,0,0,0,1,0,2
AT3G53190,0,0,1,0,1,0,2
AT3G54510,0,0,2,0,2,0,2
AT3G54990,0,0,1,0,1,0,2
AT3G55400,0,0,2,0,2,0,2
AT3G55980,3,0,0,0,3,0,2
AT3G56200,0,0,0,2,0,2,2
AT3G56710,4,0,0,4,0,0,2
AT3G57040,0,0,2,0,2,0,2
AT3G57260,0,0,0,2,2,0,2
AT3G57680,0,0,0,1,0,1,2
AT3G57780,0,0,0,2,0,2,2
AT3G58970,0,0,0,1,0,1,2
AT3G59700,1,0,0,1,0,0,2
AT3G61060,1,0,0,0,1,0,2
AT3G63160,1,0,1,0,0,0,2
AT3G63190,0,0,1,0,1,0,2
AT4G00400,0,0,4,0,2,0,2
AT4G00440,0,0,0,2,0,2,2
AT4G00880,0,1,1,0,0,0,2
AT4G01070,0,0,0,1,0,1,2
AT4G01610,0,0,0,1,0,1,2
AT4G02130,1,0,0,0,0,1,2
AT4G02330,1,0,0,0,1,0,2
AT4G02820,0,0,4,0,4,0,2
AT4G02940,0,0,0,1,0,1,2
AT4G03820,0,0,0,1,0,1,2
AT4G04220,1,0,0,0,1,0,2
AT4G04840,0,0,1,0,1,0,2
AT4G05520,0,0,2,0,2,0,2
AT4G08850,1,0,0,0,1,0,2
AT4G08950,4,0,4,0,0,0,2
AT4G09460,3,0,0,0,3,0,2
AT4G11280,4,0,0,0,4,0,2
AT4G12690,0,0,1,0,1,0,2
AT4G14010,0,0,0,1,0,1,2
AT4G14340,0,0,0,1,0,1,2
AT4G15510,0,0,3,0,3,0,2
AT4G15660,1,0,0,0,1,0,2
AT4G16190,0,0,0,3,0,3,2
AT4G16210,0,0,0,1,0,1,2
AT4G16760,0,0,0,2,0,2,2
AT4G17770,0,0,0,2,0,2,2
AT4G18030,0,0,2,0,0,2,2
AT4G18340,2,0,2,0,0,0,2
AT4G19170,0,2,2,0,0,0,2
AT4G20860,6,0,0,0,6,0,2
AT4G20930,0,0,0,1,0,1,2
AT4G21980,0,0,0,1,0,1,2
AT4G21990,1,0,1,0,0,0,2
AT4G22200,0,0,0,1,0,1,2
AT4G22980,0,0,0,1,0,1,2
AT4G23190,16,0,0,0,16,0,2
AT4G23260,0,0,1,0,1,0,2
AT4G24000,0,0,0,2,0,2,2
AT4G24130,0,0,0,1,0,1,2
AT4G24450,0,0,0,1,0,1,2
AT4G24480,0,0,0,1,0,1,2
AT4G25630,0,0,1,0,1,0,2
AT4G27230,0,0,1,0,1,0,2
AT4G27300,1,0,0,0,1,0,2
AT4G27450,0,0,3,0,3,0,2
AT4G27840,0,0,0,2,0,2,2
AT4G28270,0,0,1,0,1,0,2
AT4G28290,0,0,1,0,1,0,2
AT4G28490,0,0,0,3,0,3,2
AT4G29010,0,0,0,3,0,3,2
AT4G30270,2,0,0,0,2,0,2
AT4G30470,0,0,0,1,0,1,2
AT4G31550,1,0,0,1,0,0,2
AT4G32340,0,0,2,0,2,0,2
AT4G32460,0,0,2,0,2,0,2
AT4G33050,3,0,0,0,3,0,2
AT4G34138,1,0,1,0,0,0,2
AT4G34220,0,0,1,0,1,0,2
AT4G34860,0,0,0,1,0,1,2
AT4G35300,0,0,0,4,0,4,2
AT4G35790,0,0,0,1,0,1,2
AT4G36900,0,0,0,1,0,1,2
AT4G36990,0,0,0,1,0,1,2
AT4G37380,0,0,1,0,1,0,2
AT4G39260,0,0,1,0,1,0,2
AT4G39710,0,0,4,0,4,0,2
AT5G01240,0,0,1,0,1,0,2
AT5G02590,0,0,0,1,0,1,2
AT5G03190,0,0,0,1,0,1,2
AT5G03700,0,0,1,0,1,0,2
AT5G04530,0,0,0,1,0,1,2
AT5G04950,0,0,1,0,1,0,2
AT5G06370,0,0,0,3,0,3,2
AT5G06530,0,0,0,1,0,1,2
AT5G06860,1,0,0,0,1,0,2
AT5G07220,0,0,0,2,0,2,2
AT5G07830,0,0,0,2,0,2,2
AT5G07920,0,0,0,1,0,1,2
AT5G10170,0,0,1,0,1,0,2
AT5G10240,0,0,1,0,1,0,2
AT5G10300,0,0,0,1,0,1,2
AT5G10760,1,0,0,1,0,0,2
AT5G10960,0,0,0,1,0,1,2
AT5G11060,0,0,0,1,0,1,2
AT5G11110,0,0,0,2,0,2,2
AT5G11670,1,0,0,0,1,0,2
AT5G12900,0,0,1,0,1,0,2
AT5G13090,0,0,1,0,1,0,2
AT5G14700,0,0,0,1,0,1,2
AT5G14780,0,0,0,2,0,2,2
AT5G16030,0,0,1,0,1,0,2
AT5G16970,1,0,0,0,1,0,2
AT5G16980,2,0,0,0,2,0,2
AT5G17300,0,0,1,0,1,0,2
AT5G18170,0,0,0,1,1,0,2
AT5G19440,0,0,0,1,0,1,2
AT5G20630,0,0,2,0,2,0,2
AT5G20960,1,0,0,0,1,0,2
AT5G22270,1,0,0,1,0,0,2
AT5G22290,0,0,0,2,0,2,2
AT5G22500,0,0,0,1,0,1,2
AT5G22620,0,0,4,0,4,0,2
AT5G22640,0,0,1,0,1,0,2
AT5G22920,5,0,5,0,0,0,2
AT5G23460,0,0,0,2,0,2,2
AT5G23940,0,0,1,0,0,1,2
AT5G24160,1,0,0,0,1,0,2
AT5G24660,0,0,2,0,0,2,2
AT5G25220,0,0,0,1,0,1,2
AT5G25460,0,0,1,0,1,0,2
AT5G26270,0,1,0,0,1,0,2
AT5G27280,0,0,0,2,0,2,2
AT5G28770,0,0,1,0,1,0,2
AT5G39020,3,0,0,0,3,0,2
AT5G39860,0,3,0,0,3,0,2
AT5G42050,0,0,0,1,0,1,2
AT5G44020,0,0,2,0,2,0,2
AT5G44420,1,0,1,0,0,0,2
AT5G44670,0,0,0,2,0,2,2
AT5G45340,1,0,0,1,0,0,2
AT5G45930,0,0,1,0,1,0,2
AT5G46780,0,0,1,0,1,0,2
AT5G47220,4,0,0,0,4,0,2
AT5G48370,0,0,0,1,0,1,2
AT5G48490,0,0,1,0,1,0,2
AT5G49990,0,0,0,2,0,2,2
AT5G50200,1,0,0,0,1,0,2
AT5G50450,0,0,1,0,1,0,2
AT5G50720,0,0,0,1,0,1,2
AT5G53200,0,0,1,0,1,0,2
AT5G53590,0,0,0,1,0,1,2
AT5G54170,0,0,2,0,2,0,2
AT5G56160,0,0,0,1,0,1,2
AT5G57170,0,0,2,0,2,0,2
AT5G58650,1,0,0,0,1,0,2
AT5G60360,0,0,0,1,0,1,2
AT5G60790,0,0,0,1,0,1,2
AT5G61440,1,0,1,0,0,0,2
AT5G62100,0,0,0,2,0,2,2
AT5G62220,0,0,0,2,0,2,2
AT5G62260,1,0,1,0,0,0,2
AT5G63310,0,0,1,0,1,0,2
AT5G63790,2,0,0,0,2,0,2
AT5G64770,0,1,1,0,0,0,2
AT5G65010,0,0,1,0,1,0,2
AT5G65470,0,0,0,1,0,1,2
AT5G66760,0,0,0,1,0,1,2
AT5G67420,0,0,1,0,1,0,2
AT5G67440,0,0,4,0,4,0,2
AT1G03440,0,0,2,0,0,0,1
AT1G03600,0,0,1,0,0,0,1
AT1G03820,0,0,1,0,0,0,1
AT1G04110,0,0,1,0,0,0,1
AT1G04680,0,0,1,0,0,0,1
AT1G04780,0,0,0,1,0,0,1
AT1G05200,0,0,1,0,0,0,1
AT1G05710,0,0,1,0,0,0,1
AT1G06080,0,0,0,0,1,0,1
AT1G06400,0,0,0,1,0,0,1
AT1G06570,0,0,0,1,0,0,1
AT1G06850,0,0,2,0,0,0,1
AT1G07530,0,0,0,1,0,0,1
AT1G08970,0,0,0,2,0,0,1
AT1G09210,0,0,1,0,0,0,1
AT1G09250,0,0,0,0,3,0,1
AT1G09420,0,0,0,1,0,0,1
AT1G10050,0,0,0,1,0,0,1
AT1G10410,0,0,0,2,0,0,1
AT1G10490,0,0,2,0,0,0,1
AT1G10840,3,0,0,0,0,0,1
AT1G10910,0,0,2,0,0,0,1
AT1G11380,2,0,0,0,0,0,1
AT1G11670,0,0,0,0,1,0,1
AT1G11850,0,0,1,0,0,0,1
AT1G12000,0,0,1,0,0,0,1
AT1G12500,0,0,1,0,0,0,1
AT1G13110,0,0,0,0,2,0,1
AT1G13210,1,0,0,0,0,0,1
AT1G13740,0,0,0,3,0,0,1
AT1G14030,0,0,3,0,0,0,1
AT1G14340,0,0,0,1,0,0,1
AT1G14360,0,0,2,0,0,0,1
AT1G14370,0,0,0,1,0,0,1
AT1G14620,0,0,1,0,0,0,1
AT1G14700,0,0,2,0,0,0,1
AT1G14840,0,0,1,0,0,0,1
AT1G15110,0,0,0,3,0,0,1
AT1G15290,0,0,1,0,0,0,1
AT1G15350,0,0,0,1,0,0,1
AT1G15400,0,0,0,1,0,0,1
AT1G15780,0,0,0,1,0,0,1
AT1G16060,0,0,1,0,0,0,1
AT1G16260,0,0,0,0,1,0,1
AT1G16310,0,0,0,3,0,0,1
AT1G16920,0,0,1,0,0,0,1
AT1G17140,0,0,1,0,0,0,1
AT1G17190,0,0,0,1,0,0,1
AT1G17440,0,0,0,1,0,0,1
AT1G17850,0,0,2,0,0,0,1
AT1G17860,2,0,0,0,0,0,1
AT1G18080,0,0,1,0,0,0,1
AT1G18730,0,0,1,0,0,0,1
AT1G18740,0,0,0,0,0,1,1
AT1G18800,0,0,2,0,0,0,1
AT1G19180,0,0,0,4,0,0,1
AT1G19300,0,0,0,0,0,1,1
AT1G20020,0,0,2,0,0,0,1
AT1G20070,0,3,0,0,0,0,1
AT1G20620,0,0,0,1,0,0,1
AT1G20850,0,0,0,0,0,1,1
AT1G21000,0,0,0,3,0,0,1
AT1G21240,0,0,0,1,0,0,1
AT1G21550,0,0,0,1,0,0,1
AT1G22190,2,0,0,0,0,0,1
AT1G22550,0,0,0,0,1,0,1
AT1G22570,2,0,0,0,0,0,1
AT1G22985,0,0,0,1,0,0,1
AT1G23710,1,0,0,0,0,0,1
AT1G24020,0,0,1,0,0,0,1
AT1G24180,1,0,0,0,0,0,1
AT1G26220,0,0,2,0,0,0,1
AT1G26230,0,0,1,0,0,0,1
AT1G26930,0,0,0,2,0,0,1
AT1G27730,0,0,0,0,1,0,1
AT1G27770,1,0,0,0,0,0,1
AT1G27880,0,0,2,0,0,0,1
AT1G28200,0,0,0,1,0,0,1
AT1G28290,0,0,2,0,0,0,1
AT1G29330,0,0,0,1,0,0,1
AT1G29530,0,0,1,0,0,0,1
AT1G29760,0,0,0,3,0,0,1
AT1G30520,0,0,1,0,0,0,1
AT1G30640,0,0,0,1,0,0,1
AT1G31660,0,0,1,0,0,0,1
AT1G31810,0,0,1,0,0,0,1
AT1G31920,0,0,1,0,0,0,1
AT1G32060,0,0,2,0,0,0,1
AT1G32470,0,0,1,0,0,0,1
AT1G32540,0,0,1,0,0,0,1
AT1G32700,0,0,0,0,2,0,1
AT1G32790,0,0,0,1,0,0,1
AT1G33110,0,0,0,2,0,0,1
AT1G33270,0,0,0,2,0,0,1
AT1G35190,0,0,0,2,0,0,1
AT1G35260,1,0,0,0,0,0,1
AT1G35310,0,2,0,0,0,0,1
AT1G35780,0,0,1,0,0,0,1
AT1G42990,0,0,0,1,0,0,1
AT1G43620,0,0,0,1,0,0,1
AT1G43910,0,0,3,0,0,0,1
AT1G44110,0,0,1,0,0,0,1
AT1G44446,0,0,1,0,0,0,1
AT1G44760,0,0,0,1,0,0,1
AT1G44835,0,0,2,0,0,0,1
AT1G45145,0,0,0,2,0,0,1
AT1G47400,0,0,0,0,0,3,1
AT1G47970,0,0,0,2,0,0,1
AT1G48320,0,0,0,1,0,0,1
AT1G48480,0,0,1,0,0,0,1
AT1G48520,0,0,1,0,0,0,1
AT1G49430,0,0,1,0,0,0,1
AT1G49500,0,0,0,0,1,0,1
AT1G49710,0,0,0,1,0,0,1
AT1G49730,0,0,0,0,1,0,1
AT1G49750,0,0,1,0,0,0,1
AT1G50450,0,0,4,0,0,0,1
AT1G50990,2,0,0,0,0,0,1
AT1G51790,0,0,2,0,0,0,1
AT1G51800,0,0,1,0,0,0,1
AT1G51805,0,0,0,0,3,0,1
AT1G52000,0,0,0,0,0,1,1
AT1G52140,0,0,2,0,0,0,1
AT1G52290,0,0,1,0,0,0,1
AT1G52300,0,0,2,0,0,0,1
AT1G52510,0,0,1,0,0,0,1
AT1G52670,0,0,1,0,0,0,1
AT1G53110,0,0,0,1,0,0,1
AT1G53320,0,0,0,1,0,0,1
AT1G53430,0,0,1,0,0,0,1
AT1G53570,0,0,0,1,0,0,1
AT1G54130,0,0,0,1,0,0,1
AT1G54690,0,0,3,0,0,0,1
AT1G55110,0,0,0,1,0,0,1
AT1G55265,0,0,0,1,0,0,1
AT1G55360,0,0,1,0,0,0,1
AT1G55850,0,0,0,0,2,0,1
AT1G56340,0,0,1,0,0,0,1
AT1G56500,0,0,2,0,0,0,1
AT1G57680,0,0,1,0,0,0,1
AT1G58030,0,0,0,1,0,0,1
AT1G58080,0,0,1,0,0,0,1
AT1G58110,0,0,1,0,0,0,1
AT1G58180,0,0,0,3,0,0,1
AT1G58290,0,0,1,0,0,0,1
AT1G59840,0,0,1,0,0,0,1
AT1G60420,0,0,0,1,0,0,1
AT1G60970,0,0,0,1,0,0,1
AT1G61350,0,0,1,0,0,0,1
AT1G61620,0,0,0,1,0,0,1
AT1G61660,0,0,0,2,0,0,1
AT1G61900,0,0,1,0,0,0,1
AT1G62300,0,0,0,1,0,0,1
AT1G63130,0,0,1,0,0,0,1
AT1G63220,0,0,1,0,0,0,1
AT1G63660,0,0,1,0,0,0,1
AT1G63720,0,0,0,1,0,0,1
AT1G63850,0,0,2,0,0,0,1
AT1G64680,0,0,1,0,0,0,1
AT1G65870,0,0,0,0,1,0,1
AT1G66940,0,0,0,0,1,0,1
AT1G67430,0,0,3,0,0,0,1
AT1G67720,0,0,0,0,0,1,1
AT1G67750,0,1,0,0,0,0,1
AT1G67870,0,0,0,1,0,0,1
AT1G68130,0,0,1,0,0,0,1
AT1G68140,0,0,0,1,0,0,1
AT1G68490,0,0,0,1,0,0,1
AT1G68590,0,0,2,0,0,0,1
AT1G69270,0,0,0,1,0,0,1
AT1G69310,0,0,0,3,0,0,1
AT1G69370,0,0,1,0,0,0,1
AT1G69930,0,0,0,3,0,0,1
AT1G70200,0,0,3,0,0,0,1
AT1G70280,0,0,2,0,0,0,1
AT1G70410,0,0,1,0,0,0,1
AT1G70760,0,0,1,0,0,0,1
AT1G70780,1,0,0,0,0,0,1
AT1G70790,0,0,0,1,0,0,1
AT1G71020,0,0,0,0,1,0,1
AT1G71400,0,0,3,0,0,0,1
AT1G71720,0,0,2,0,0,0,1
AT1G71980,0,0,0,1,0,0,1
AT1G72280,0,0,0,0,1,0,1
AT1G72970,0,0,2,0,0,0,1
AT1G73390,0,0,0,2,0,0,1
AT1G73760,0,0,1,0,0,0,1
AT1G73980,0,0,0,1,0,0,1
AT1G74780,0,0,1,0,0,0,1
AT1G74970,0,0,1,0,0,0,1
AT1G75370,0,0,0,1,0,0,1
AT1G75680,0,0,3,0,0,0,1
AT1G76240,0,1,0,0,0,0,1
AT1G76390,0,0,0,1,0,0,1
AT1G76450,0,0,2,0,0,0,1
AT1G76520,0,0,0,0,1,0,1
AT1G76530,0,2,0,0,0,0,1
AT1G76620,0,0,0,0,0,1,1
AT1G76670,0,0,0,0,0,4,1
AT1G76710,0,0,1,0,0,0,1
AT1G77510,1,0,0,0,0,0,1
AT1G77760,0,0,0,0,1,0,1
AT1G78020,0,1,0,0,0,0,1
AT1G78060,0,0,1,0,0,0,1
AT1G78210,0,0,0,0,0,1,1
AT1G78290,0,0,0,0,4,0,1
AT1G78340,0,0,1,0,0,0,1
AT1G78510,0,0,0,1,0,0,1
AT1G79340,4,0,0,0,0,0,1
AT1G79770,0,0,1,0,0,0,1
AT1G80280,0,0,1,0,0,0,1
AT1G80810,0,0,0,1,0,0,1
AT2G01540,0,0,0,1,0,0,1
AT2G01630,0,0,1,0,0,0,1
AT2G01680,0,0,0,2,0,0,1
AT2G01950,0,0,1,0,0,0,1
AT2G02070,0,0,1,0,0,0,1
AT2G02220,1,0,0,0,0,0,1
AT2G02360,0,0,0,1,0,0,1
AT2G03730,0,0,0,0,1,0,1
AT2G04032,0,0,1,0,0,0,1
AT2G04270,0,0,0,0,1,0,1
AT2G05630,0,0,0,2,0,0,1
AT2G05790,0,0,1,0,0,0,1
AT2G05990,0,0,1,0,0,0,1
AT2G14560,0,0,0,2,0,0,1
AT2G14660,0,0,1,0,0,0,1
AT2G15830,0,0,1,0,0,0,1
AT2G16630,0,0,0,0,0,1,1
AT2G17033,0,0,1,0,0,0,1
AT2G17240,0,0,1,0,0,0,1
AT2G17760,0,0,0,3,0,0,1
AT2G18160,0,0,0,0,1,0,1
AT2G18990,0,0,1,0,0,0,1
AT2G19460,0,0,1,0,0,0,1
AT2G19480,0,0,1,0,0,0,1
AT2G19620,0,0,1,0,0,0,1
AT2G19740,0,0,1,0,0,0,1
AT2G19940,0,0,1,0,0,0,1
AT2G20340,0,0,0,0,0,3,1
AT2G20390,0,0,1,0,0,0,1
AT2G20570,0,0,0,0,0,1,1
AT2G20960,0,0,0,2,0,0,1
AT2G21130,0,0,0,1,0,0,1
AT2G21140,0,0,1,0,0,0,1
AT2G21170,0,0,1,0,0,0,1
AT2G21330,0,0,1,0,0,0,1
AT2G21410,0,0,0,1,0,0,1
AT2G21540,0,0,1,0,0,0,1
AT2G21790,0,0,1,0,0,0,1
AT2G22125,0,0,1,0,0,0,1
AT2G22170,0,0,1,0,0,0,1
AT2G22420,0,0,0,1,0,0,1
AT2G22900,0,0,0,0,0,2,1
AT2G23450,0,0,0,3,0,0,1
AT2G24120,0,0,2,0,0,0,1
AT2G24160,0,0,0,0,1,0,1
AT2G24360,0,0,0,3,0,0,1
AT2G24880,0,1,0,0,0,0,1
AT2G25450,0,0,0,1,0,0,1
AT2G25470,0,0,2,0,0,0,1
AT2G25650,0,0,0,1,0,0,1
AT2G25680,0,0,0,1,0,0,1
AT2G25760,0,0,0,10,0,0,1
AT2G25840,0,0,1,0,0,0,1
AT2G26400,0,0,0,0,2,0,1
AT2G26970,0,0,0,0,1,0,1
AT2G27150,0,0,0,5,0,0,1
AT2G27500,0,0,0,0,2,0,1
AT2G27660,0,0,0,0,1,0,1
AT2G27720,0,0,1,0,0,0,1
AT2G28080,0,0,1,0,0,0,1
AT2G28510,0,0,1,0,0,0,1
AT2G28720,0,0,0,1,0,0,1
AT2G28930,0,0,3,0,0,0,1
AT2G29340,0,0,0,0,4,0,1
AT2G29420,1,0,0,0,0,0,1
AT2G29700,0,0,0,1,0,0,1
AT2G29890,0,0,1,0,0,0,1
AT2G30010,0,0,0,0,3,0,1
AT2G30140,0,0,0,1,0,0,1
AT2G30740,0,0,1,0,0,0,1
AT2G30770,0,0,0,1,0,0,1
AT2G30990,0,0,2,0,0,0,1
AT2G31730,1,0,0,0,0,0,1
AT2G31810,0,0,0,0,2,0,1
AT2G31840,0,0,1,0,0,0,1
AT2G32150,1,0,0,0,0,0,1
AT2G32800,0,0,0,1,0,0,1
AT2G33150,0,0,0,1,0,0,1
AT2G33330,0,0,0,0,1,0,1
AT2G33580,0,0,0,1,0,0,1
AT2G34480,0,0,1,0,0,0,1
AT2G34500,0,0,0,1,0,0,1
AT2G34730,0,0,0,1,0,0,1
AT2G34860,0,0,1,0,0,0,1
AT2G35790,0,0,1,0,0,0,1
AT2G36410,1,0,0,0,0,0,1
AT2G37080,0,0,0,0,1,0,1
AT2G37240,0,0,0,2,0,0,1
AT2G37450,0,0,1,0,0,0,1
AT2G37600,0,0,1,0,0,0,1
AT2G37630,0,0,1,0,0,0,1
AT2G37710,0,0,0,1,0,0,1
AT2G37840,0,0,0,2,0,0,1
AT2G38080,0,0,0,1,0,0,1
AT2G38170,0,0,1,0,0,0,1
AT2G38320,0,0,2,0,0,0,1
AT2G38400,0,0,0,1,0,0,1
AT2G38790,0,0,0,1,0,0,1
AT2G39310,0,0,0,0,1,0,1
AT2G39350,0,0,0,2,0,0,1
AT2G39460,0,0,1,0,0,0,1
AT2G39710,2,0,0,0,0,0,1
AT2G39720,0,0,0,1,0,0,1
AT2G40020,0,0,1,0,0,0,1
AT2G40290,0,0,1,0,0,0,1
AT2G40460,0,1,0,0,0,0,1
AT2G41410,1,0,0,0,0,0,1
AT2G41940,0,0,1,0,0,0,1
AT2G42320,0,0,1,0,0,0,1
AT2G42760,0,0,0,1,0,0,1
AT2G42770,0,0,1,0,0,0,1
AT2G42890,0,0,0,1,0,0,1
AT2G43020,0,0,0,0,0,1,1
AT2G43400,0,0,0,0,3,0,1
AT2G43500,0,0,0,1,0,0,1
AT2G43620,0,0,0,0,3,0,1
AT2G44210,0,0,1,0,0,0,1
AT2G44500,1,0,0,0,0,0,1
AT2G44940,0,0,2,0,0,0,1
AT2G45170,0,0,0,0,2,0,1
AT2G45660,0,0,0,1,0,0,1
AT2G46150,0,0,0,1,0,0,1
AT2G46210,0,0,1,0,0,0,1
AT2G46225,0,0,1,0,0,0,1
AT2G46550,0,0,0,2,0,0,1
AT2G46620,0,0,0,1,0,0,1
AT2G46690,0,0,0,2,0,0,1
AT2G47010,0,0,7,0,0,0,1
AT2G47180,0,0,0,0,0,1,1
AT2G47350,0,0,0,1,0,0,1
AT2G47440,0,0,2,0,0,0,1
AT2G47550,0,0,0,0,1,0,1
AT2G47590,0,0,1,0,0,0,1
AT2G47610,0,0,2,0,0,0,1
AT2G48010,0,0,0,1,0,0,1
AT3G01370,0,0,1,0,0,0,1
AT3G01420,0,0,0,6,0,0,1
AT3G01470,0,0,0,2,0,0,1
AT3G01650,0,0,0,1,0,0,1
AT3G01810,0,0,1,0,0,0,1
AT3G01860,0,0,0,0,1,0,1
AT3G02120,0,0,3,0,0,0,1
AT3G02150,0,0,0,1,0,0,1
AT3G03250,0,0,0,0,0,1,1
AT3G03420,0,0,1,0,0,0,1
AT3G03720,0,0,0,2,0,0,1
AT3G03790,0,0,0,3,0,0,1
AT3G03920,0,0,2,0,0,0,1
AT3G03970,0,0,1,0,0,0,1
AT3G04270,0,0,0,0,0,1,1
AT3G04630,0,0,2,0,0,0,1
AT3G04810,0,0,2,0,0,0,1
AT3G04920,0,0,1,0,0,0,1
AT3G04940,0,0,1,0,0,0,1
AT3G05900,0,0,2,0,0,0,1
AT3G06130,0,0,1,0,0,0,1
AT3G06350,0,0,1,0,0,0,1
AT3G06750,0,0,2,0,0,0,1
AT3G06770,0,0,1,0,0,0,1
AT3G07430,0,0,1,0,0,0,1
AT3G08650,0,0,0,1,0,0,1
AT3G08680,0,0,1,0,0,0,1
AT3G08720,0,0,0,1,0,0,1
AT3G09760,0,0,0,1,0,0,1
AT3G09770,0,0,0,2,0,0,1
AT3G09780,3,0,0,0,0,0,1
AT3G09830,2,0,0,0,0,0,1
AT3G10450,0,0,0,1,0,0,1
AT3G10550,0,0,0,1,0,0,1
AT3G10800,0,0,0,1,0,0,1
AT3G11330,0,0,0,4,0,0,1
AT3G11700,0,0,2,0,0,0,1
AT3G11760,0,0,1,0,0,0,1
AT3G11880,0,0,0,1,0,0,1
AT3G12700,0,0,3,0,0,0,1
AT3G12930,0,0,1,0,0,0,1
AT3G13062,0,0,0,0,1,0,1
AT3G13560,0,0,1,0,0,0,1
AT3G13740,0,0,1,0,0,0,1
AT3G13910,0,0,0,1,0,0,1
AT3G13950,0,0,0,2,0,0,1
AT3G14010,1,0,0,0,0,0,1
AT3G14050,0,0,0,2,0,0,1
AT3G14270,0,0,0,1,0,0,1
AT3G14330,0,0,1,0,0,0,1
AT3G14630,0,0,0,1,0,0,1
AT3G14890,0,0,1,0,0,0,1
AT3G14940,0,0,1,0,0,0,1
AT3G14990,2,0,0,0,0,0,1
AT3G15020,0,0,0,0,0,1,1
AT3G15030,0,0,1,0,0,0,1
AT3G15480,0,0,2,0,0,0,1
AT3G15640,0,0,3,0,0,0,1
AT3G15680,0,0,1,0,0,0,1
AT3G16340,0,0,0,2,0,0,1
AT3G17770,0,0,0,1,0,0,1
AT3G18290,1,0,0,0,0,0,1
AT3G19010,1,0,0,0,0,0,1
AT3G19130,0,0,1,0,0,0,1
AT3G19570,0,0,1,0,0,0,1
AT3G19910,0,0,0,1,0,0,1
AT3G19930,2,0,0,0,0,0,1
AT3G20670,0,0,1,0,0,0,1
AT3G21230,0,0,0,1,0,0,1
AT3G22150,0,0,1,0,0,0,1
AT3G22620,0,0,0,1,0,0,1
AT3G22740,0,0,0,1,0,0,1
AT3G23050,0,0,2,0,0,0,1
AT3G23290,0,0,0,0,2,0,1
AT3G23300,0,0,1,0,0,0,1
AT3G23490,0,0,0,2,0,0,1
AT3G23640,0,0,0,1,0,0,1
AT3G23830,0,0,2,0,0,0,1
AT3G23840,0,0,0,0,0,1,1
AT3G24430,0,0,1,0,0,0,1
AT3G24570,0,0,1,0,0,0,1
AT3G24770,0,0,1,0,0,0,1
AT3G25070,0,0,0,0,1,0,1
AT3G26000,0,0,0,5,0,0,1
AT3G26100,0,0,0,1,0,0,1
AT3G26200,2,0,0,0,0,0,1
AT3G26230,0,0,0,0,6,0,1
AT3G26520,0,0,3,0,0,0,1
AT3G26800,0,1,0,0,0,0,1
AT3G26830,0,0,0,3,0,0,1
AT3G27820,0,0,0,1,0,0,1
AT3G28130,0,0,1,0,0,0,1
AT3G28180,0,0,1,0,0,0,1
AT3G28860,0,0,1,0,0,0,1
AT3G29030,0,0,1,0,0,0,1
AT3G30160,0,0,1,0,0,0,1
AT3G43610,0,0,1,0,0,0,1
AT3G43740,0,0,1,0,0,0,1
AT3G44330,0,0,2,0,0,0,1
AT3G44990,0,0,5,0,0,0,1
AT3G45040,0,0,0,1,0,0,1
AT3G45300,0,0,0,2,0,0,1
AT3G45600,0,0,0,1,0,0,1
AT3G45620,0,0,0,1,0,0,1
AT3G46100,0,0,1,0,0,0,1
AT3G46580,0,0,1,0,0,0,1
AT3G47510,0,0,0,0,0,2,1
AT3G47960,0,0,0,1,0,0,1
AT3G48000,0,0,0,3,0,0,1
AT3G48110,0,0,4,0,0,0,1
AT3G48420,0,0,2,0,0,0,1
AT3G48460,0,0,0,0,0,1,1
AT3G48760,0,0,0,3,0,0,1
AT3G49490,0,0,0,1,0,0,1
AT3G50500,0,0,0,1,0,0,1
AT3G51740,0,0,1,0,0,0,1
AT3G51960,0,0,0,1,0,0,1
AT3G52370,0,0,2,0,0,0,1
AT3G52400,0,0,0,0,1,0,1
AT3G52500,0,0,1,0,0,0,1
AT3G52800,0,0,0,1,0,0,1
AT3G52870,0,0,3,0,0,0,1
AT3G53260,0,0,4,0,0,0,1
AT3G53460,0,0,1,0,0,0,1
AT3G53960,0,0,0,1,0,0,1
AT3G53990,0,0,0,1,0,0,1
AT3G54030,0,0,0,0,0,1,1
AT3G54210,0,0,1,0,0,0,1
AT3G54290,0,0,0,3,0,0,1
AT3G54360,0,0,0,1,0,0,1
AT3G55450,0,0,0,0,2,0,1
AT3G55890,0,0,0,2,0,0,1
AT3G55950,0,0,0,2,0,0,1
AT3G56070,0,0,2,0,0,0,1
AT3G56370,0,0,1,0,0,0,1
AT3G56980,0,1,0,0,0,0,1
AT3G57240,0,0,0,3,0,0,1
AT3G57630,0,0,0,2,0,0,1
AT3G58570,0,0,0,1,0,0,1
AT3G58620,1,0,0,0,0,0,1
AT3G58660,0,0,1,0,0,0,1
AT3G59400,0,0,1,0,0,0,1
AT3G59760,0,0,1,0,0,0,1
AT3G59900,0,0,1,0,0,0,1
AT3G60110,0,0,0,1,0,0,1
AT3G60320,0,0,1,0,0,0,1
AT3G60370,0,0,1,0,0,0,1
AT3G60640,0,0,0,1,0,0,1
AT3G60690,0,0,0,1,0,0,1
AT3G61380,0,0,0,0,0,1,1
AT3G61590,0,0,1,0,0,0,1
AT3G62260,0,0,0,2,0,0,1
AT3G62650,0,0,0,2,0,0,1
AT3G63010,0,0,0,2,0,0,1
AT3G63410,0,0,1,0,0,0,1
AT4G00150,0,0,2,0,0,0,1
AT4G00810,0,0,7,0,0,0,1
AT4G00955,0,0,0,0,1,0,1
AT4G01010,0,0,0,1,0,0,1
AT4G01690,0,0,4,0,0,0,1
AT4G02075,0,0,0,0,1,0,1
AT4G02340,0,0,0,1,0,0,1
AT4G02410,0,0,0,1,0,0,1
AT4G02420,0,0,0,1,0,0,1
AT4G02460,0,0,1,0,0,0,1
AT4G02810,0,0,1,0,0,0,1
AT4G02880,0,0,0,1,0,0,1
AT4G02930,0,0,1,0,0,0,1
AT4G03060,0,1,0,0,0,0,1
AT4G04630,0,0,2,0,0,0,1
AT4G04750,0,0,0,0,0,2,1
AT4G04830,0,0,3,0,0,0,1
AT4G04890,0,0,1,0,0,0,1
AT4G05590,0,0,0,1,0,0,1
AT4G07450,0,0,3,0,0,0,1
AT4G08770,0,0,1,0,0,0,1
AT4G09520,0,0,4,0,0,0,1
AT4G09550,0,0,1,0,0,0,1
AT4G09640,0,0,1,0,0,0,1
AT4G10050,0,0,0,2,0,0,1
AT4G10770,0,1,0,0,0,0,1
AT4G11460,1,0,0,0,0,0,1
AT4G11600,0,0,0,3,0,0,1
AT4G11800,0,0,0,1,0,0,1
AT4G12300,0,0,0,1,0,0,1
AT4G12430,0,0,0,7,0,0,1
AT4G12880,0,0,1,0,0,0,1
AT4G13050,0,0,1,0,0,0,1
AT4G13250,0,0,0,0,1,0,1
AT4G13550,0,0,0,3,0,0,1
AT4G15430,0,0,1,0,0,0,1
AT4G15700,0,0,0,0,2,0,1
AT4G16260,0,0,0,3,0,0,1
AT4G16430,0,0,0,1,0,0,1
AT4G16510,0,0,1,0,0,0,1
AT4G17340,0,0,3,0,0,0,1
AT4G17500,0,0,1,0,0,0,1
AT4G18010,1,0,0,0,0,0,1
AT4G18570,0,0,1,0,0,0,1
AT4G18880,0,0,0,1,0,0,1
AT4G18910,0,0,0,0,2,0,1
AT4G18975,0,0,0,1,0,0,1
AT4G19040,0,0,0,1,0,0,1
AT4G19660,0,0,1,0,0,0,1
AT4G20170,0,0,0,0,0,2,1
AT4G20830,1,0,0,0,0,0,1
AT4G20960,0,0,1,0,0,0,1
AT4G22010,0,0,1,0,0,0,1
AT4G22120,0,0,3,0,0,0,1
AT4G22270,0,0,0,1,0,0,1
AT4G22780,0,0,0,2,0,0,1
AT4G23130,0,0,0,0,1,0,1
AT4G23150,0,0,0,1,0,0,1
AT4G23180,3,0,0,0,0,0,1
AT4G23280,0,0,0,0,1,0,1
AT4G23570,4,0,0,0,0,0,1
AT4G23680,0,0,0,1,0,0,1
AT4G23700,0,0,0,1,0,0,1
AT4G23870,1,0,0,0,0,0,1
AT4G23920,0,0,0,1,0,0,1
AT4G24400,0,0,0,2,0,0,1
AT4G25170,0,0,0,0,2,0,1
AT4G25620,0,0,1,0,0,0,1
AT4G25740,0,0,2,0,0,0,1
AT4G25870,0,0,1,0,0,0,1
AT4G25890,0,0,1,0,0,0,1
AT4G25990,0,0,0,2,0,0,1
AT4G26000,1,0,0,0,0,0,1
AT4G26060,0,0,0,1,0,0,1
AT4G26090,0,0,0,1,0,0,1
AT4G26110,0,0,1,0,0,0,1
AT4G26130,0,0,0,2,0,0,1
AT4G26200,0,0,0,0,1,0,1
AT4G26690,0,0,3,0,0,0,1
AT4G26900,0,0,4,0,0,0,1
AT4G26950,0,0,0,1,0,0,1
AT4G27130,0,0,0,2,0,0,1
AT4G27430,0,0,1,0,0,0,1
AT4G27657,0,0,0,1,0,0,1
AT4G28240,0,0,0,1,0,0,1
AT4G28250,0,0,1,0,0,0,1
AT4G28260,0,0,0,0,1,0,1
AT4G28350,0,0,0,3,0,0,1
AT4G28570,0,0,0,1,0,0,1
AT4G28660,0,0,2,0,0,0,1
AT4G29040,0,0,0,3,0,0,1
AT4G29190,0,0,0,2,0,0,1
AT4G29960,0,0,0,1,0,0,1
AT4G30190,0,0,1,0,0,0,1
AT4G30600,0,0,0,1,0,0,1
AT4G30610,0,0,0,0,1,0,1
AT4G30620,0,0,1,0,0,0,1
AT4G30800,0,0,2,0,0,0,1
AT4G31210,0,0,1,0,0,0,1
AT4G31630,0,1,0,0,0,0,1
AT4G31700,0,0,1,0,0,0,1
AT4G31985,0,0,1,0,0,0,1
AT4G32000,0,0,1,0,0,0,1
AT4G32070,1,0,0,0,0,0,1
AT4G32330,0,0,1,0,0,0,1
AT4G32390,0,0,0,0,0,2,1
AT4G33090,0,0,0,1,0,0,1
AT4G33520,0,0,1,0,0,0,1
AT4G33660,0,0,0,1,0,0,1
AT4G33760,0,0,1,0,0,0,1
AT4G33790,0,0,0,0,0,1,1
AT4G33960,2,0,0,0,0,0,1
AT4G34260,0,0,1,0,0,0,1
AT4G34830,0,0,2,0,0,0,1
AT4G35110,0,0,0,2,0,0,1
AT4G35250,0,0,1,0,0,0,1
AT4G35950,0,0,1,0,0,0,1
AT4G35985,0,0,0,0,0,2,1
AT4G36540,0,0,0,0,1,0,1
AT4G36980,0,0,0,1,0,0,1
AT4G37080,0,0,1,0,0,0,1
AT4G37240,2,0,0,0,0,0,1
AT4G37320,0,0,0,1,0,0,1
AT4G37590,0,0,3,0,0,0,1
AT4G37930,0,0,1,0,0,0,1
AT4G38370,0,0,1,0,0,0,1
AT4G38680,2,0,0,0,0,0,1
AT4G38770,0,0,1,0,0,0,1
AT4G38860,0,0,0,0,1,0,1
AT4G39040,0,0,1,0,0,0,1
AT4G39460,0,0,1,0,0,0,1
AT4G39720,0,0,0,0,1,0,1
AT4G39770,0,0,1,0,0,0,1
AT4G39950,0,0,0,1,0,0,1
AT5G01260,0,0,0,1,0,0,1
AT5G01610,0,0,0,0,1,0,1
AT5G02050,0,0,1,0,0,0,1
AT5G02880,0,0,0,1,0,0,1
AT5G03120,0,0,1,0,0,0,1
AT5G03350,0,0,0,0,2,0,1
AT5G03760,0,0,0,0,0,1,1
AT5G04140,0,0,1,0,0,0,1
AT5G04320,0,0,1,0,0,0,1
AT5G04340,0,0,0,1,0,0,1
AT5G04460,0,0,0,1,0,0,1
AT5G04760,0,0,0,1,0,0,1
AT5G04820,0,0,1,0,0,0,1
AT5G05090,0,0,0,1,0,0,1
AT5G05110,0,0,0,1,0,0,1
AT5G05140,0,0,0,2,0,0,1
AT5G05160,0,0,0,0,0,2,1
AT5G05250,0,0,0,0,0,1,1
AT5G06270,0,0,1,0,0,0,1
AT5G06340,0,0,1,0,0,0,1
AT5G07080,0,0,0,1,0,0,1
AT5G07240,0,0,3,0,0,0,1
AT5G08180,0,0,1,0,0,0,1
AT5G08260,0,0,1,0,0,0,1
AT5G08280,0,0,1,0,0,0,1
AT5G08350,0,0,1,0,0,0,1
AT5G09870,0,0,1,0,0,0,1
AT5G09995,0,0,1,0,0,0,1
AT5G10160,0,0,1,0,0,0,1
AT5G10290,0,0,3,0,0,0,1
AT5G10560,0,0,2,0,0,0,1
AT5G10695,0,0,0,1,0,0,1
AT5G11090,0,0,0,1,0,0,1
AT5G11240,0,0,1,0,0,0,1
AT5G11630,0,0,1,0,0,0,1
AT5G12440,0,0,1,0,0,0,1
AT5G12840,0,0,0,1,0,0,1
AT5G12860,0,0,1,0,0,0,1
AT5G13120,0,0,3,0,0,0,1
AT5G13710,0,0,1,0,0,0,1
AT5G13930,0,0,0,0,0,1,1
AT5G14210,0,0,1,0,0,0,1
AT5G14940,0,0,0,1,0,0,1
AT5G15230,0,0,1,0,0,0,1
AT5G15490,0,0,0,0,0,1,1
AT5G15740,0,0,0,0,0,1,1
AT5G15780,0,0,1,0,0,0,1
AT5G16240,0,0,1,0,0,0,1
AT5G16910,0,0,0,2,0,0,1
AT5G16990,0,0,0,0,0,1,1
AT5G18110,0,0,0,1,0,0,1
AT5G18590,0,0,1,0,0,0,1
AT5G18620,0,0,1,0,0,0,1
AT5G18670,0,0,0,0,4,0,1
AT5G18820,0,0,0,0,1,0,1
AT5G19900,0,0,0,4,0,0,1
AT5G20110,0,0,0,0,3,0,1
AT5G20140,0,0,2,0,0,0,1
AT5G20540,0,0,1,0,0,0,1
AT5G20700,0,0,0,0,0,1,1
AT5G22250,0,0,0,1,0,0,1
AT5G22440,0,0,3,0,0,0,1
AT5G22510,0,0,0,1,0,0,1
AT5G23480,2,0,0,0,0,0,1
AT5G24030,2,0,0,0,0,0,1
AT5G24210,0,0,0,0,1,0,1
AT5G24530,0,0,0,3,0,0,1
AT5G24590,0,0,0,1,0,0,1
AT5G25100,0,0,0,0,0,1,1
AT5G25130,0,0,0,0,0,1,1
AT5G25440,0,0,0,0,2,0,1
AT5G25840,0,0,1,0,0,0,1
AT5G25890,0,0,0,1,0,0,1
AT5G26030,0,0,0,1,0,0,1
AT5G26200,0,0,0,0,2,0,1
AT5G26340,0,0,0,5,0,0,1
AT5G26731,0,0,0,1,0,0,1
AT5G27150,0,0,0,1,0,0,1
AT5G27360,0,0,2,0,0,0,1
AT5G27420,0,0,0,1,0,0,1
AT5G27490,0,0,3,0,0,0,1
AT5G28020,0,0,1,0,0,0,1
AT5G28060,0,0,2,0,0,0,1
AT5G32450,0,0,2,0,0,0,1
AT5G33290,0,0,0,1,0,0,1
AT5G34930,0,0,0,1,0,0,1
AT5G35560,0,0,0,1,0,0,1
AT5G36120,0,0,2,0,0,0,1
AT5G38120,0,0,1,0,0,0,1
AT5G38290,0,0,1,0,0,0,1
AT5G38520,0,0,2,0,0,0,1
AT5G39590,0,0,0,1,0,0,1
AT5G39670,1,0,0,0,0,0,1
AT5G40440,0,0,0,1,0,0,1
AT5G40690,0,0,0,1,0,0,1
AT5G40770,0,0,1,0,0,0,1
AT5G40950,0,0,1,0,0,0,1
AT5G41140,0,0,0,0,0,5,1
AT5G41460,0,0,0,0,0,1,1
AT5G42010,0,0,0,2,0,0,1
AT5G42240,0,0,1,0,0,0,1
AT5G42760,0,0,1,0,0,0,1
AT5G42940,2,0,0,0,0,0,1
AT5G43700,0,0,1,0,0,0,1
AT5G43870,0,0,1,0,0,0,1
AT5G44400,0,4,0,0,0,0,1
AT5G44785,0,0,1,0,0,0,1
AT5G45010,0,0,0,1,0,0,1
AT5G45020,0,0,1,0,0,0,1
AT5G45110,2,0,0,0,0,0,1
AT5G45140,0,0,1,0,0,0,1
AT5G45380,0,0,0,1,0,0,1
AT5G45950,0,0,0,2,0,0,1
AT5G46110,0,0,1,0,0,0,1
AT5G46230,0,0,0,0,0,2,1
AT5G46350,0,0,0,3,0,0,1
AT5G46570,0,0,1,0,0,0,1
AT5G46580,0,0,1,0,0,0,1
AT5G46910,0,0,0,2,0,0,1
AT5G47020,0,0,0,1,0,0,1
AT5G47560,0,0,0,1,0,0,1
AT5G47700,0,0,2,0,0,0,1
AT5G47930,0,0,1,0,0,0,1
AT5G48150,0,0,0,1,0,0,1
AT5G48240,0,0,1,0,0,0,1
AT5G48410,0,0,0,1,0,0,1
AT5G50100,0,0,0,1,0,0,1
AT5G50380,0,0,0,2,0,0,1
AT5G50790,0,0,0,0,3,0,1
AT5G50810,0,0,1,0,0,0,1
AT5G51100,0,0,1,0,0,0,1
AT5G51560,0,0,3,0,0,0,1
AT5G51640,0,0,0,1,0,0,1
AT5G51850,0,1,0,0,0,0,1
AT5G52510,0,0,0,1,0,0,1
AT5G52520,0,0,1,0,0,0,1
AT5G52650,0,0,1,0,0,0,1
AT5G53070,0,0,1,0,0,0,1
AT5G53130,0,0,0,1,0,0,1
AT5G53880,0,0,2,0,0,0,1
AT5G53900,0,0,3,0,0,0,1
AT5G54180,0,0,1,0,0,0,1
AT5G55230,0,0,1,0,0,0,1
AT5G55400,0,0,0,1,0,0,1
AT5G55450,0,0,0,0,1,0,1
AT5G55730,0,0,2,0,0,0,1
AT5G55970,2,0,0,0,0,0,1
AT5G56040,0,0,1,0,0,0,1
AT5G56190,0,0,0,5,0,0,1
AT5G56460,1,0,0,0,0,0,1
AT5G56870,1,0,0,0,0,0,1
AT5G57120,0,0,1,0,0,0,1
AT5G57490,0,0,3,0,0,0,1
AT5G59000,0,0,0,0,0,4,1
AT5G59670,0,1,0,0,0,0,1
AT5G59730,4,0,0,0,0,0,1
AT5G59840,0,0,0,1,0,0,1
AT5G59845,0,0,0,2,0,0,1
AT5G60210,0,0,1,0,0,0,1
AT5G60850,0,0,0,1,0,0,1
AT5G60900,0,0,0,1,0,0,1
AT5G61170,0,0,1,0,0,0,1
AT5G61420,0,1,0,0,0,0,1
AT5G61570,0,0,0,0,0,1,1
AT5G61930,0,0,0,1,0,0,1
AT5G62000,0,0,0,2,0,0,1
AT5G62140,0,0,2,0,0,0,1
AT5G62670,0,0,1,0,0,0,1
AT5G62890,0,0,1,0,0,0,1
AT5G62980,0,0,1,0,0,0,1
AT5G63380,0,0,1,0,0,0,1
AT5G63490,0,0,0,2,0,0,1
AT5G63570,0,0,2,0,0,0,1
AT5G63800,0,0,0,1,0,0,1
AT5G63860,0,0,0,1,0,0,1
AT5G64250,0,0,0,1,0,0,1
AT5G64260,1,0,0,0,0,0,1
AT5G64290,0,0,2,0,0,0,1
AT5G65280,0,0,0,1,0,0,1
AT5G65380,1,0,0,0,0,0,1
AT5G65410,0,0,1,0,0,0,1
AT5G65860,0,0,1,0,0,0,1
AT5G65870,0,0,0,1,0,0,1
AT5G66050,0,0,0,1,0,0,1
AT5G66420,0,0,0,0,0,1,1
AT5G66650,0,0,0,3,0,0,1
AT5G66740,0,3,0,0,0,0,1
AT5G66770,0,0,0,0,2,0,1
AT5G66850,0,0,0,4,0,0,1
AT5G66880,0,0,0,1,0,0,1
AT5G67390,0,0,0,0,1,0,1
AT5G67450,0,0,1,0,0,0,1
,,,,,,,
,,,,,,,
,,,,,,,
,,,,,,,
,,,,,,,
,,,,,,,
,,,,,,,
,,,,,,,
,,,,,,,
,,,,,,,
,,,,,,,
,,,,,,,
,,,,,,,
,,,,,,,
,,,,,,,
,,,,,,,
,,,,,,,
,,,,,,,
,,,,,,,
,,,,,,,
,,,,,,,
,,,,,,,
,,,,,,,
,,,,,,,
,,,,,,,
,,,,,,,
,,,,,,,
,,,,,,,
,,,,,,,
,,,,,,,
,,,,,,,
,,,,,,,
,,,,,,,
,,,,,,,
,,,,,,,
,,,,,,,
,,,,,,,
,,,,,,,
,,,,,,,
,,,,,,,
,,,,,,,
,,,,,,,
,,,,,,,
,,,,,,,
,,,,,,,
,,,,,,,
,,,,,,,
,,,,,,,
,,,,,,,
,,,,,,,
,,,,,,,
,,,,,,,
,,,,,,,
,,,,,,,
,,,,,,,
,,,,,,,
,,,,,,,
,,,,,,,
,,,,,,,
,,,,,,,
,,,,,,,
,,,,,,,
,,,,,,,
,,,,,,,
,,,,,,,
,,,,,,,
,,,,,,,
,,,,,,,
,,,,,,,
,,,,,,,
,,,,,,,
,,,,,,,
,,,,,,,
,,,,,,,
,,,,,,,
,,,,,,,
,,,,,,,
,,,,,,,
,,,,,,,
,,,,,,,
,,,,,,,
,,,,,,,
,,,,,,,
,,,,,,,
,,,,,,,
,,,,,,,
,,,,,,,
,,,,,,,
,,,,,,,
,,,,,,,
,,,,,,,
,,,,,,,
,,,,,,,
,,,,,,,
,,,,,,,
,,,,,,,
,,,,,,,
,,,,,,,
,,,,,,,
,,,,,,,
,,,,,,,
,,,,,,,
,,,,,,,
,,,,,,,
,,,,,,,
,,,,,,,
,,,,,,,
,,,,,,,
,,,,,,,
,,,,,,,
,,,,,,,
,,,,,,,
,,,,,,,
,,,,,,,
,,,,,,,
,,,,,,,
,,,,,,,
,,,,,,,
,,,,,,,
,,,,,,,
,,,,,,,
,,,,,,,
,,,,,,,
,,,,,,,
,,,,,,,
,,,,,,,
,,,,,,,
,,,,,,,
,,,,,,,
,,,,,,,
,,,,,,,
,,,,,,,
,,,,,,,
,,,,,,,
,,,,,,,
,,,,,,,
,,,,,,,
,,,,,,,
,,,,,,,
,,,,,,,
,,,,,,,
,,,,,,,
,,,,,,,
,,,,,,,
,,,,,,,
,,,,,,,
,,,,,,,
,,,,,,,
,,,,,,,
,,,,,,,
,,,,,,,
,,,,,,,
,,,,,,,
,,,,,,,
,,,,,,,
,,,,,,,
,,,,,,,
,,,,,,,
,,,,,,,
,,,,,,,
,,,,,,,
,,,,,,,
,,,,,,,
,,,,,,,
,,,,,,,
,,,,,,,
,,,,,,,
,,,,,,,
,,,,,,,
,,,,,,,
,,,,,,,
,,,,,,,
,,,,,,,
,,,,,,,
,,,,,,,
,,,,,,,
,,,,,,,
,,,,,,,
,,,,,,,
,,,,,,,
,,,,,,,
,,,,,,,
,,,,,,,
,,,,,,,
,,,,,,,
,,,,,,,
,,,,,,,
,,,,,,,
,,,,,,,
,,,,,,,
,,,,,,,
,,,,,,,
,,,,,,,
,,,,,,,
,,,,,,,
,,,,,,,
,,,,,,,
,,,,,,,
,,,,,,,
,,,,,,,
,,,,,,,
,,,,,,,
,,,,,,,
,,,,,,,
,,,,,,,
,,,,,,,
,,,,,,,
,,,,,,,
,,,,,,,
,,,,,,,
,,,,,,,
,,,,,,,
,,,,,,,
,,,,,,,
,,,,,,,
,,,,,,,
,,,,,,,
,,,,,,,
,,,,,,,
,,,,,,,
,,,,,,,
,,,,,,,
,,,,,,,
,,,,,,,
,,,,,,,
,,,,,,,
,,,,,,,
,,,,,,,
,,,,,,,
,,,,,,,
,,,,,,,
,,,,,,,
,,,,,,,
,,,,,,,
,,,,,,,
,,,,,,,
,,,,,,,
,,,,,,,
,,,,,,,
,,,,,,,
,,,,,,,
,,,,,,,
,,,,,,,
,,,,,,,
,,,,,,,
,,,,,,,
,,,,,,,
,,,,,,,
,,,,,,,
,,,,,,,
,,,,,,,
,,,,,,,
,,,,,,,
,,,,,,,
,,,,,,,
,,,,,,,
,,,,,,,
,,,,,,,
,,,,,,,
,,,,,,,
,,,,,,,
,,,,,,,
,,,,,,,
,,,,,,,
,,,,,,,
,,,,,,,
,,,,,,,
,,,,,,,
,,,,,,,
,,,,,,,
,,,,,,,
,,,,,,,
,,,,,,,
,,,,,,,
,,,,,,,
,,,,,,,
,,,,,,,
,,,,,,,
,,,,,,,
,,,,,,,
,,,,,,,
,,,,,,,
,,,,,,,
,,,,,,,
,,,,,,,
,,,,,,,
,,,,,,,
,,,,,,,
,,,,,,,
,,,,,,,
,,,,,,,
,,,,,,,
,,,,,,,
,,,,,,,
,,,,,,,
,,,,,,,
,,,,,,,
,,,,,,,
,,,,,,,
,,,,,,,
,,,,,,,
,,,,,,,
,,,,,,,
,,,,,,,
,,,,,,,
,,,,,,,
,,,,,,,
,,,,,,,
,,,,,,,
,,,,,,,
,,,,,,,
,,,,,,,
,,,,,,,
,,,,,,,
,,,,,,,
,,,,,,,
,,,,,,,
,,,,,,,
,,,,,,,
,,,,,,,
,,,,,,,
,,,,,,,
,,,,,,,
,,,,,,,
,,,,,,,
,,,,,,,
,,,,,,,
,,,,,,,
,,,,,,,
,,,,,,,
,,,,,,,
,,,,,,,
,,,,,,,
,,,,,,,
,,,,,,,
,,,,,,,
,,,,,,,
,,,,,,,
,,,,,,,
,,,,,,,
,,,,,,,
,,,,,,,
,,,,,,,
,,,,,,,
,,,,,,,
,,,,,,,
,,,,,,,
,,,,,,,
,,,,,,,
,,,,,,,
,,,,,,,
,,,,,,,
,,,,,,,
,,,,,,,
,,,,,,,
,,,,,,,
,,,,,,,
,,,,,,,
,,,,,,,
,,,,,,,
,,,,,,,
,,,,,,,
,,,,,,,
,,,,,,,
,,,,,,,
,,,,,,,
,,,,,,,
,,,,,,,
,,,,,,,
,,,,,,,
,,,,,,,
,,,,,,,
,,,,,,,
,,,,,,,
,,,,,,,
,,,,,,,
,,,,,,,
,,,,,,,
,,,,,,,
,,,,,,,
,,,,,,,
,,,,,,,
,,,,,,,
,,,,,,,
,,,,,,,
,,,,,,,
,,,,,,,
,,,,,,,
,,,,,,,
,,,,,,,
,,,,,,,
,,,,,,,
,,,,,,,
,,,,,,,
,,,,,,,
,,,,,,,
,,,,,,,
,,,,,,,
,,,,,,,
,,,,,,,
,,,,,,,
,,,,,,,
,,,,,,,
,,,,,,,
,,,,,,,
,,,,,,,
,,,,,,,
,,,,,,,
,,,,,,,
,,,,,,,
,,,,,,,
,,,,,,,
,,,,,,,
,,,,,,,
,,,,,,,
,,,,,,,
,,,,,,,
,,,,,,,
,,,,,,,
,,,,,,,
,,,,,,,
,,,,,,,
,,,,,,,
,,,,,,,
,,,,,,,
,,,,,,,
,,,,,,,
,,,,,,,
,,,,,,,
,,,,,,,
,,,,,,,
,,,,,,,
,,,,,,,
,,,,,,,
,,,,,,,
,,,,,,,
,,,,,,,
,,,,,,,
,,,,,,,
,,,,,,,
,,,,,,,
,,,,,,,
,,,,,,,
,,,,,,,
,,,,,,,
,,,,,,,
,,,,,,,
,,,,,,,
,,,,,,,
,,,,,,,
,,,,,,,
,,,,,,,
,,,,,,,
,,,,,,,
,,,,,,,
,,,,,,,
,,,,,,,
,,,,,,,
,,,,,,,
,,,,,,,
,,,,,,,
,,,,,,,
,,,,,,,
,,,,,,,
,,,,,,,
,,,,,,,
,,,,,,,
,,,,,,,
,,,,,,,
,,,,,,,
,,,,,,,
,,,,,,,
,,,,,,,
,,,,,,,
,,,,,,,
,,,,,,,
,,,,,,,
,,,,,,,
,,,,,,,
,,,,,,,
,,,,,,,
,,,,,,,
,,,,,,,
,,,,,,,
,,,,,,,
,,,,,,,
,,,,,,,
,,,,,,,
,,,,,,,
,,,,,,,
,,,,,,,
,,,,,,,
,,,,,,,
,,,,,,,
,,,,,,,
,,,,,,,
,,,,,,,
,,,,,,,
,,,,,,,
,,,,,,,
,,,,,,,
,,,,,,,
,,,,,,,
,,,,,,,
,,,,,,,
,,,,,,,
,,,,,,,
,,,,,,,
,,,,,,,
,,,,,,,
,,,,,,,
,,,,,,,
,,,,,,,
,,,,,,,
,,,,,,,
,,,,,,,
,,,,,,,
,,,,,,,
,,,,,,,
,,,,,,,
,,,,,,,
,,,,,,,
,,,,,,,
,,,,,,,
,,,,,,,
,,,,,,,
,,,,,,,
,,,,,,,
,,,,,,,
,,,,,,,
,,,,,,,
,,,,,,,
,,,,,,,
,,,,,,,
,,,,,,,
,,,,,,,
,,,,,,,
,,,,,,,
,,,,,,,
,,,,,,,
,,,,,,,
,,,,,,,
,,,,,,,
,,,,,,,
,,,,,,,
,,,,,,,
,,,,,,,
,,,,,,,
,,,,,,,
,,,,,,,
,,,,,,,
,,,,,,,
,,,,,,,
,,,,,,,
,,,,,,,
,,,,,,,
,,,,,,,
,,,,,,,
,,,,,,,
,,,,,,,
,,,,,,,
,,,,,,,
,,,,,,,
,,,,,,,
,,,,,,,
,,,,,,,
,,,,,,,
,,,,,,,
,,,,,,,
,,,,,,,
,,,,,,,
,,,,,,,
,,,,,,,
,,,,,,,
,,,,,,,
,,,,,,,
,,,,,,,
,,,,,,,
,,,,,,,
,,,,,,,
,,,,,,,
,,,,,,,
,,,,,,,
,,,,,,,
,,,,,,,
,,,,,,,
,,,,,,,
,,,,,,,
,,,,,,,
,,,,,,,
,,,,,,,
,,,,,,,
,,,,,,,
,,,,,,,
,,,,,,,
,,,,,,,
,,,,,,,
,,,,,,,
,,,,,,,
,,,,,,,
,,,,,,,
,,,,,,,
,,,,,,,
,,,,,,,
,,,,,,,
,,,,,,,
,,,,,,,
,,,,,,,
,,,,,,,
,,,,,,,
,,,,,,,
,,,,,,,
,,,,,,,
,,,,,,,
,,,,,,,
,,,,,,,
,,,,,,,
,,,,,,,
,,,,,,,
,,,,,,,
,,,,,,,
,,,,,,,
,,,,,,,
,,,,,,,
,,,,,,,
,,,,,,,
,,,,,,,
,,,,,,,
,,,,,,,
,,,,,,,
,,,,,,,
,,,,,,,
,,,,,,,
,,,,,,,
,,,,,,,
,,,,,,,
,,,,,,,
,,,,,,,
,,,,,,,
,,,,,,,
,,,,,,,
,,,,,,,
,,,,,,,
,,,,,,,
,,,,,,,
,,,,,,,
,,,,,,,
,,,,,,,
,,,,,,,
,,,,,,,
,,,,,,,
,,,,,,,
,,,,,,,
,,,,,,,
,,,,,,,
,,,,,,,
,,,,,,,
,,,,,,,
,,,,,,,
,,,,,,,
,,,,,,,
,,,,,,,
,,,,,,,
,,,,,,,
,,,,,,,
,,,,,,,
,,,,,,,
,,,,,,,
,,,,,,,
,,,,,,,
,,,,,,,
,,,,,,,
,,,,,,,
,,,,,,,
,,,,,,,
,,,,,,,
,,,,,,,
,,,,,,,
,,,,,,,
,,,,,,,
,,,,,,,
,,,,,,,
,,,,,,,
,,,,,,,
,,,,,,,
,,,,,,,
,,,,,,,
,,,,,,,
,,,,,,,
,,,,,,,
,,,,,,,
,,,,,,,
,,,,,,,
,,,,,,,
,,,,,,,
,,,,,,,
,,,,,,,
,,,,,,,
,,,,,,,
,,,,,,,
,,,,,,,
,,,,,,,
,,,,,,,
,,,,,,,
,,,,,,,
,,,,,,,
,,,,,,,
,,,,,,,
,,,,,,,
,,,,,,,
,,,,,,,
,,,,,,,
,,,,,,,
,,,,,,,
,,,,,,,
,,,,,,,
,,,,,,,
,,,,,,,
,,,,,,,
,,,,,,,
,,,,,,,
,,,,,,,
,,,,,,,
,,,,,,,
,,,,,,,
,,,,,,,
,,,,,,,
,,,,,,,
,,,,,,,
,,,,,,,
,,,,,,,
,,,,,,,
,,,,,,,
,,,,,,,
,,,,,,,
,,,,,,,
,,,,,,,
,,,,,,,
,,,,,,,
,,,,,,,
,,,,,,,
,,,,,,,
,,,,,,,
,,,,,,,
,,,,,,,
,,,,,,,
,,,,,,,
,,,,,,,
,,,,,,,
,,,,,,,
,,,,,,,
,,,,,,,
,,,,,,,
,,,,,,,
,,,,,,,
,,,,,,,
,,,,,,,
,,,,,,,
,,,,,,,
,,,,,,,
,,,,,,,
,,,,,,,
,,,,,,,
,,,,,,,
,,,,,,,
,,,,,,,
,,,,,,,
,,,,,,,
,,,,,,,
,,,,,,,
,,,,,,,
,,,,,,,
,,,,,,,
,,,,,,,
,,,,,,,
,,,,,,,
,,,,,,,
,,,,,,,
,,,,,,,
,,,,,,,
,,,,,,,
,,,,,,,
,,,,,,,
,,,,,,,
,,,,,,,
,,,,,,,
,,,,,,,
,,,,,,,
,,,,,,,
,,,,,,,
,,,,,,,
,,,,,,,
,,,,,,,
,,,,,,,
,,,,,,,
,,,,,,,
,,,,,,,
,,,,,,,
,,,,,,,
,,,,,,,
,,,,,,,
,,,,,,,
,,,,,,,
,,,,,,,
,,,,,,,
,,,,,,,
,,,,,,,
,,,,,,,
,,,,,,,
,,,,,,,
,,,,,,,
,,,,,,,
,,,,,,,
,,,,,,,
,,,,,,,
,,,,,,,
,,,,,,,
,,,,,,,
,,,,,,,
,,,,,,,
,,,,,,,
,,,,,,,
,,,,,,,
,,,,,,,
,,,,,,,
,,,,,,,
,,,,,,,
,,,,,,,
,,,,,,,
,,,,,,,
,,,,,,,
,,,,,,,
,,,,,,,
,,,,,,,
,,,,,,,
,,,,,,,
,,,,,,,
,,,,,,,
,,,,,,,
,,,,,,,
,,,,,,,
,,,,,,,
,,,,,,,
,,,,,,,
,,,,,,,
,,,,,,,
,,,,,,,
,,,,,,,
,,,,,,,
,,,,,,,
,,,,,,,
,,,,,,,
,,,,,,,
,,,,,,,
,,,,,,,
,,,,,,,
,,,,,,,
,,,,,,,
,,,,,,,
,,,,,,,
,,,,,,,
,,,,,,,
,,,,,,,
,,,,,,,
,,,,,,,
,,,,,,,
,,,,,,,
,,,,,,,
,,,,,,,
,,,,,,,
,,,,,,,
,,,,,,,
,,,,,,,
,,,,,,,
,,,,,,,
,,,,,,,
,,,,,,,
,,,,,,,
,,,,,,,
,,,,,,,
,,,,,,,
,,,,,,,
,,,,,,,
,,,,,,,
,,,,,,,
,,,,,,,
,,,,,,,
,,,,,,,
,,,,,,,
,,,,,,,
,,,,,,,
,,,,,,,
,,,,,,,
,,,,,,,
,,,,,,,
,,,,,,,
,,,,,,,
,,,,,,,
,,,,,,,
,,,,,,,
,,,,,,,
,,,,,,,
,,,,,,,
,,,,,,,
,,,,,,,
,,,,,,,
,,,,,,,
,,,,,,,
,,,,,,,
,,,,,,,
,,,,,,,
,,,,,,,
,,,,,,,
,,,,,,,
,,,,,,,
,,,,,,,
,,,,,,,
,,,,,,,
,,,,,,,
,,,,,,,
,,,,,,,
,,,,,,,
,,,,,,,
,,,,,,,
,,,,,,,
,,,,,,,
,,,,,,,
,,,,,,,
,,,,,,,
,,,,,,,
,,,,,,,
,,,,,,,
,,,,,,,
,,,,,,,
,,,,,,,
,,,,,,,
,,,,,,,
,,,,,,,
,,,,,,,
,,,,,,,
,,,,,,,
,,,,,,,
,,,,,,,
,,,,,,,
,,,,,,,
,,,,,,,
,,,,,,,
,,,,,,,
,,,,,,,
,,,,,,,
,,,,,,,
,,,,,,,
,,,,,,,
,,,,,,,
,,,,,,,
,,,,,,,
,,,,,,,
,,,,,,,
,,,,,,,
,,,,,,,
,,,,,,,
,,,,,,,
,,,,,,,
,,,,,,,
,,,,,,,
,,,,,,,
,,,,,,,
,,,,,,,
,,,,,,,
,,,,,,,
,,,,,,,
,,,,,,,
,,,,,,,
,,,,,,,
,,,,,,,
,,,,,,,
,,,,,,,
,,,,,,,
,,,,,,,
,,,,,,,
,,,,,,,
,,,,,,,
,,,,,,,
,,,,,,,
,,,,,,,
,,,,,,,
,,,,,,,
,,,,,,,
,,,,,,,
,,,,,,,
,,,,,,,
,,,,,,,
,,,,,,,
,,,,,,,
,,,,,,,
,,,,,,,
,,,,,,,
,,,,,,,
,,,,,,,
,,,,,,,
,,,,,,,
,,,,,,,
,,,,,,,
,,,,,,,
,,,,,,,
,,,,,,,
,,,,,,,
,,,,,,,
,,,,,,,
,,,,,,,
,,,,,,,
,,,,,,,
,,,,,,,
,,,,,,,
,,,,,,,
,,,,,,,
,,,,,,,
,,,,,,,
,,,,,,,
,,,,,,,
,,,,,,,
,,,,,,,
,,,,,,,
,,,,,,,
,,,,,,,
,,,,,,,
,,,,,,,
,,,,,,,
,,,,,,,
,,,,,,,
,,,,,,,
,,,,,,,
,,,,,,,
,,,,,,,
,,,,,,,
,,,,,,,
,,,,,,,
,,,,,,,
,,,,,,,
,,,,,,,
,,,,,,,
,,,,,,,
,,,,,,,
,,,,,,,
,,,,,,,
,,,,,,,
,,,,,,,
,,,,,,,
,,,,,,,
,,,,,,,
,,,,,,,
,,,,,,,
,,,,,,,
,,,,,,,
,,,,,,,
,,,,,,,
,,,,,,,
,,,,,,,
,,,,,,,
,,,,,,,
,,,,,,,
,,,,,,,
,,,,,,,
,,,,,,,
,,,,,,,
,,,,,,,
,,,,,,,
,,,,,,,
,,,,,,,
,,,,,,,
,,,,,,,
,,,,,,,
,,,,,,,
,,,,,,,
,,,,,,,
,,,,,,,
,,,,,,,
,,,,,,,
,,,,,,,
,,,,,,,
,,,,,,,
,,,,,,,
,,,,,,,
,,,,,,,
,,,,,,,
,,,,,,,
,,,,,,,
,,,,,,,
,,,,,,,
,,,,,,,
,,,,,,,
,,,,,,,
,,,,,,,
,,,,,,,
,,,,,,,
,,,,,,,
,,,,,,,
,,,,,,,
,,,,,,,
,,,,,,,
,,,,,,,
,,,,,,,
,,,,,,,
,,,,,,,
,,,,,,,
,,,,,,,
,,,,,,,
,,,,,,,
,,,,,,,
,,,,,,,
,,,,,,,
,,,,,,,
,,,,,,,
,,,,,,,
,,,,,,,
,,,,,,,
,,,,,,,
,,,,,,,
,,,,,,,
,,,,,,,
,,,,,,,
,,,,,,,
,,,,,,,
,,,,,,,
,,,,,,,
,,,,,,,
,,,,,,,
,,,,,,,
,,,,,,,
,,,,,,,
,,,,,,,
,,,,,,,
,,,,,,,
,,,,,,,
,,,,,,,
,,,,,,,
,,,,,,,
,,,,,,,
,,,,,,,
,,,,,,,
,,,,,,,
,,,,,,,
,,,,,,,
,,,,,,,
,,,,,,,
,,,,,,,
,,,,,,,
,,,,,,,
,,,,,,,
,,,,,,,
,,,,,,,
,,,,,,,
,,,,,,,
,,,,,,,
,,,,,,,
,,,,,,,
,,,,,,,
,,,,,,,
,,,,,,,
,,,,,,,
,,,,,,,
,,,,,,,
,,,,,,,
,,,,,,,
,,,,,,,
,,,,,,,
,,,,,,,
,,,,,,,
,,,,,,,
,,,,,,,
,,,,,,,
,,,,,,,
,,,,,,,
,,,,,,,
,,,,,,,
,,,,,,,
,,,,,,,
,,,,,,,
,,,,,,,
,,,,,,,
,,,,,,,
,,,,,,,
,,,,,,,
,,,,,,,
,,,,,,,
,,,,,,,
,,,,,,,
,,,,,,,
,,,,,,,
,,,,,,,
,,,,,,,
,,,,,,,
,,,,,,,
,,,,,,,
,,,,,,,
,,,,,,,
,,,,,,,
,,,,,,,
,,,,,,,
,,,,,,,
,,,,,,,
,,,,,,,
,,,,,,,
,,,,,,,
,,,,,,,
,,,,,,,
,,,,,,,
,,,,,,,
,,,,,,,
,,,,,,,
,,,,,,,
,,,,,,,
,,,,,,,
,,,,,,,
,,,,,,,
,,,,,,,
,,,,,,,
,,,,,,,
,,,,,,,
,,,,,,,
,,,,,,,
,,,,,,,
,,,,,,,
,,,,,,,
,,,,,,,
,,,,,,,
,,,,,,,
,,,,,,,
,,,,,,,
,,,,,,,
,,,,,,,
,,,,,,,
,,,,,,,
,,,,,,,
,,,,,,,
,,,,,,,
,,,,,,,
,,,,,,,
,,,,,,,
,,,,,,,
,,,,,,,
,,,,,,,
,,,,,,,
,,,,,,,
,,,,,,,
,,,,,,,
,,,,,,,
,,,,,,,
,,,,,,,
,,,,,,,
,,,,,,,
,,,,,,,
,,,,,,,
,,,,,,,
,,,,,,,
,,,,,,,
,,,,,,,
,,,,,,,
,,,,,,,
,,,,,,,
,,,,,,,
,,,,,,,
,,,,,,,
,,,,,,,
,,,,,,,
,,,,,,,
,,,,,,,
,,,,,,,
,,,,,,,
,,,,,,,
,,,,,,,
,,,,,,,
,,,,,,,
,,,,,,,
,,,,,,,
,,,,,,,
,,,,,,,
,,,,,,,
,,,,,,,
,,,,,,,
,,,,,,,
,,,,,,,
,,,,,,,
,,,,,,,
,,,,,,,
,,,,,,,
,,,,,,,
,,,,,,,
,,,,,,,
,,,,,,,
,,,,,,,
,,,,,,,
,,,,,,,
,,,,,,,
,,,,,,,
,,,,,,,
,,,,,,,
,,,,,,,
,,,,,,,
,,,,,,,
,,,,,,,
,,,,,,,
,,,,,,,
,,,,,,,
,,,,,,,
,,,,,,,
,,,,,,,
,,,,,,,
,,,,,,,
,,,,,,,
,,,,,,,
,,,,,,,
,,,,,,,
,,,,,,,
,,,,,,,
,,,,,,,
,,,,,,,
,,,,,,,
,,,,,,,
,,,,,,,
,,,,,,,
,,,,,,,
,,,,,,,
,,,,,,,
,,,,,,,
,,,,,,,
,,,,,,,
,,,,,,,
,,,,,,,
,,,,,,,
,,,,,,,
,,,,,,,
,,,,,,,
,,,,,,,
,,,,,,,
,,,,,,,
,,,,,,,
,,,,,,,
,,,,,,,
,,,,,,,
,,,,,,,
,,,,,,,
,,,,,,,
,,,,,,,
,,,,,,,
,,,,,,,
,,,,,,,
,,,,,,,
,,,,,,,
,,,,,,,
,,,,,,,
,,,,,,,
,,,,,,,
,,,,,,,
,,,,,,,
,,,,,,,
,,,,,,,
,,,,,,,
,,,,,,,
,,,,,,,
,,,,,,,
,,,,,,,
,,,,,,,
,,,,,,,
,,,,,,,
,,,,,,,
,,,,,,,
,,,,,,,
,,,,,,,
,,,,,,,
,,,,,,,
,,,,,,,
,,,,,,,
,,,,,,,
